code,,
VS-C2499EC5,,
VS-C69D1552,,
VS-1FA0E085,,
VS-B1F00585,,
VS-9E217899,,
VS-F109B99D,,
VS-80B7E38D,,
VS-86E38F9E,,
VS-D1122F2F,,
VS-D89936CC,,
VS-ACA7AFA1,,
VS-2269EB3F,,
VS-16D0B201,,
VS-7723D130,,
VS-DD8D1843,,
VS-3E81B447,,
VS-772DCA1A,,
VS-C42014C3,,
VS-FB0C9917,,
VS-0568FE3E,,
VS-DCEB9516,,
VS-B6A1A016,,
VS-EFDADD2F,,
VS-181D7935,,
VS-6EFCA638,,
VS-6518DA3E,,
VS-A2A77F1C,,
VS-1FD6C8C7,,
VS-6B215C30,,
VS-CB48F637,,
VS-7EAB2B85,,
VS-492A3AAE,,
VS-8B158D6E,,
VS-1C8598DC,,
VS-3A299BF4,,
VS-CC6E598C,,
VS-07EA54FB,,
VS-9BCB77B9,,
VS-12258299,,
VS-150500E4,,
VS-61F0F9EE,,
VS-300831E8,,
VS-CA770A40,,
VS-93C0723D,,
VS-F112B823,,
VS-ACE8D62B,,
VS-CA6E3D04,,
VS-993735F8,,
VS-A70B618E,,
VS-C1D1E69F,,
VS-0F59BBA5,,
VS-6DC2330A,,
VS-19198AC2,,
VS-AD0F7CEA,,
VS-274CDFBF,,
VS-9BD9EAD9,,
VS-6B665F66,,
VS-054AB0CB,,
VS-C95D687B,,
VS-C7F6284D,,
VS-DD8DE505,,
VS-B2A4D1C4,,
VS-89B35E64,,
VS-8437D918,,
VS-1E197B22,,
VS-3BA7A14E,,
VS-6F9705B2,,
VS-7248F506,,
VS-31C0765B,,
VS-3A4E5F9C,,
VS-6778B607,,
VS-3986AA5E,,
VS-1CA1ED77,,
VS-AA0DEF8A,,
VS-63A3FEEB,,
VS-3C99B729,,
VS-028418D2,,
VS-833D6A20,,
VS-70EAE8AF,,
VS-F8AE8074,,
VS-E3FD6E2A,,
VS-7594B540,,
VS-2DED64AA,,
VS-7993AC01,,
VS-73CF5770,,
VS-1D190C92,,
VS-5E3DB121,,
VS-9DC6A010,,
VS-A62EC07E,,
VS-27685529,,
VS-2D548606,,
VS-47D24C7B,,
VS-F5A069D4,,
VS-10F8FBC7,,
VS-FA9857F9,,
VS-6A95FB46,,
VS-ADDF046E,,
VS-78A607E2,,
VS-799BADC7,,
VS-DC13C413,,
VS-A2F983EB,,
VS-9F7CD8CC,,
VS-C3BECB6C,,
VS-5A364BD2,,
VS-F8B72597,,